feature,coefficient,abs_coefficient
ast_per_g,0.9360033551216007,0.9360033551216007
ft_pct,0.7908704598512677,0.7908704598512677
pts_per_g,0.5877322135499734,0.5877322135499734
blk_per_g,0.4979197508011016,0.4979197508011016
trb_per_g,0.40504487213326645,0.40504487213326645
fg3_pct,0.23547707129318957,0.23547707129318957
mp_per_g,-0.21450005384038706,0.21450005384038706
stl_per_g,-0.1719672327442105,0.1719672327442105
fg_pct,0.13479693212499727,0.13479693212499727
g,0.06574897992429074,0.06574897992429074
